Date,Open,High,Low,Volume
2019-04-15,83.05,84.73,74.95,277739.69182045
2019-04-14,77.78,83.5,76.5,115334.6377891
2019-04-13,79.11,81.63,76.35,121219.37039613
2019-04-12,78.63,81.2,75.44,177208.46537304
2019-04-11,88.25,88.9,75.33,344341.83625683
2019-04-10,86.69,91.99,86.29,201370.55333413
2019-04-07,91.72,95.4,89.12,247684.54014139
2019-04-05,84.13,90.4,83.89,266661.65950027
2019-04-02,60.27,73.96,60.17,623158.56514084
2019-04-01,60.37,60.83,59.9,71055.30347172
2019-03-27,57.93,61.2,57.88,159611.31909342
2019-03-15,55.47,58.58,55.4,164023.11224736
2019-03-14,54.98,57.74,53.11,158038.76185932
2019-03-07,55.34,58.87,53.63,433087.34652458
2019-03-05,45.34,53.98,45.3,400616.59094628
2019-03-04,47.4,48.0,44.4,195387.09147241
2019-03-03,48.18,48.73,47.19,80200.09392614
2019-02-14,41.24,41.99,39.6,136363.78714147
2019-02-12,42.72,44.06,41.4,179755.80043228
2019-02-07,32.51,33.19,32.41,74119.98257308
2019-02-06,33.96,34.1,31.95,165898.90867727
2019-02-05,33.66,34.15,33.26,96430.84885781
2019-02-02,32.71,33.09,32.19,112417.04571129
2019-02-01,31.3,33.21,30.57,180954.68367259
2019-01-30,30.63,31.75,30.42,110662.28279516
2019-01-29,30.58,31.51,29.86,106252.92771259
2019-01-28,32.34,32.34,29.81,182844.47960748
2019-01-25,32.54,32.95,31.84,145084.88688931
2019-01-24,31.61,33.13,31.08,135249.3021902
2019-01-16,30.68,32.15,30.64,108360.67071201
2019-01-10,38.89,39.25,31.91,462003.93876727
2019-01-08,37.44,41.27,37.25,373585.84466483
2018-12-31,31.48,31.64,29.42,179857.91104422
2018-12-24,33.34,36.78,32.6,503967.28196782
2018-12-20,29.05,33.2,28.66,486207.11004444
2018-12-18,28.53,29.6,27.71,251412.66348278
2018-12-17,25.25,30.48,25.04,509066.24953153
2018-12-15,23.24,23.83,22.89,157988.56659972
2018-12-10,25.11,25.65,23.55,209033.11937603
2018-12-06,28.93,30.2,27.04,292135.42595048
2018-12-05,30.65,31.06,28.62,207672.87721
2018-11-21,31.85,34.14,31.06,357572.50564057
2018-11-14,48.86,49.95,40.0,531537.70719998
2018-11-13,50.2,50.43,48.31,91446.61178445
2018-11-09,52.16,52.53,51.07,74995.86078245
2018-11-06,53.14,55.45,53.12,126867.25066893
2018-11-03,50.95,51.3,50.34,42652.95886936
2018-10-26,51.81,52.38,51.16,64984.91648477
2018-10-23,51.83,52.49,51.4,65680.19659004
2018-10-21,52.88,53.11,52.2,48174.37188154
2018-10-16,53.45,54.23,52.54,109361.72980287
2018-10-15,51.86,56.77,51.01,315938.40640495
2018-10-11,57.41,57.5,50.24,357988.05885267
2018-10-09,59.04,59.4,58.02,61483.11267762
2018-10-05,58.18,59.45,57.23,83819.02975415
2018-10-01,61.29,61.8,59.22,143529.40360805
2018-09-24,61.51,61.78,57.07,175256.27953245
2018-09-20,54.06,56.56,53.37,117563.41671534
2018-09-18,51.81,55.49,50.55,171844.67717338
2018-09-15,57.59,58.73,55.55,126008.45089715
2018-09-13,51.8,55.2,51.25,241167.38667147
2018-09-12,51.59,52.08,47.19,305872.80883794
2018-09-11,53.73,54.81,50.0,203914.06300913
2018-09-08,56.23,57.28,51.77,160772.04055972
2018-08-25,57.95,58.36,57.08,61907.38118622
2018-08-24,56.96,58.36,55.55,108717.7573848
2018-08-23,55.18,57.91,54.67,117529.61965062
2018-08-22,56.63,59.21,54.01,248606.64206976
2018-08-18,61.45,62.6,55.66,170914.11768402
2018-08-16,55.81,57.68,54.0,176214.93783069
2018-08-12,60.13,61.8,57.35,161493.57962473
2018-08-11,58.67,60.32,55.13,257280.44051905
2018-08-08,68.17,68.21,61.01,419682.16920303
2018-08-07,73.15,75.5,66.6,202556.0274322
2018-08-01,78.2,79.31,75.97,141295.4974881
2018-07-30,83.7,84.7,79.76,128259.15503669
2018-07-29,83.84,85.25,83.41,44757.13857448
2018-07-26,87.13,87.87,83.2,106910.99564808
2018-07-22,84.03,84.1,81.81,72181.91241508
2018-07-21,81.85,84.69,79.77,90040.08391763
2018-07-18,89.25,94.39,85.11,286508.81706859
2018-07-12,77.39,78.35,74.5,118158.65520599
2018-07-06,82.5,84.01,80.76,103047.1280181
2018-07-04,84.34,89.0,83.51,125206.16806375
2018-07-01,79.79,81.39,77.72,99411.98193606
2018-06-25,81.33,84.49,78.8,230727.7138169
2018-06-22,96.81,96.81,80.29,393464.8634717
2018-06-20,98.34,99.0,95.51,96795.96973633
2018-06-15,100.75,101.4,95.09,154525.451751
2018-06-13,99.86,100.57,89.25,396401.59257123
2018-06-11,103.75,109.02,103.2,227453.15417997
2018-06-09,120.35,120.95,118.06,47578.88119955
2018-06-07,121.06,123.48,119.45,88217.91773202
2018-06-04,125.0,126.69,118.22,103651.92452506
2018-06-03,123.33,127.95,122.56,100380.71573463
2018-06-01,117.64,120.82,117.0,91890.48222312
2018-05-31,116.9,120.99,116.49,114617.34838573
2018-05-26,117.94,122.63,117.5,79239.10103205
2018-05-25,123.76,124.44,117.28,141848.20522917
2018-05-24,120.1,125.25,115.11,220572.82972201
2018-05-23,128.17,129.35,116.27,303105.00611816
2018-05-22,134.78,135.75,127.6,120392.53473515
2018-05-21,138.79,139.98,133.53,102106.68425975
2018-05-20,134.06,140.7,132.2,106375.68214967
2018-05-19,136.25,138.01,133.25,91360.79698933
2018-05-18,132.83,137.6,129.1,214566.83459104
2018-05-17,138.32,141.76,131.37,172204.65801774
2018-05-16,139.13,140.99,135.0,180074.75447228
2018-05-15,145.25,149.72,138.1,243641.56124187
2018-05-13,142.24,146.73,137.2,158473.62184293
2018-05-11,151.5,151.5,133.52,464446.89835927
2018-05-09,158.85,160.33,151.05,219020.03542325
2018-05-08,163.44,168.1,157.01,260712.17882514
2018-05-06,177.48,181.95,165.1,295740.81529587
2018-05-04,161.42,171.28,157.19,324066.83359038
2018-05-02,146.98,152.88,146.53,142389.87742807
2018-04-30,153.04,153.79,147.5,149186.34866883
2018-04-27,153.56,154.65,145.29,259554.72588902
2018-04-26,146.21,154.0,142.2,270281.43497429
2018-04-25,165.31,165.79,138.8,641970.1883528
2018-04-24,151.8,165.87,151.65,534098.75963814
2018-04-23,148.88,153.24,146.01,221457.27370303
2018-04-22,146.6,153.0,145.01,194185.16924835
2018-04-21,155.0,157.1,141.02,381544.10743538
2018-04-19,139.8,147.74,138.88,299180.34450735
2018-04-14,126.18,129.96,124.3,207525.12358781
2018-04-11,113.75,115.99,113.21,130637.22708461
2018-04-10,114.43,115.39,112.0,173769.81502441
2018-04-09,117.54,122.97,113.01,311379.16230113
2018-04-06,119.42,120.5,112.15,230446.02816584
2018-04-04,132.35,135.15,115.5,460159.24231722
2018-04-03,118.69,137.89,118.03,420116.46149869
2018-04-02,114.56,121.62,113.84,235221.168154
2018-03-31,116.98,125.8,116.17,318009.92836149
2018-03-30,117.47,126.91,109.27,683953.41671583
2018-03-29,131.86,132.54,112.0,708969.79247634
2018-03-28,139.5,139.99,130.11,330769.31407519
2018-03-27,150.64,152.25,138.15,354014.12059885
2018-03-26,161.0,161.0,142.0,351661.55080408
2018-03-23,163.26,164.75,157.06,225339.70978145
2018-03-22,166.97,172.5,160.11,260456.10048147
2018-03-21,169.0,175.5,165.14,357421.96988423
2018-03-20,159.16,174.0,155.56,393249.19420961
2018-03-19,153.36,164.0,150.46,435918.46150322
2018-03-16,166.36,172.0,158.56,310124.02624411
2018-03-12,188.28,192.89,175.0,325343.24985867
2018-03-09,175.1,190.0,157.27,730825.47596258
2018-03-08,185.4,188.5,174.2,379432.34542099
2018-03-07,198.67,199.35,173.82,592767.69082718
2018-03-05,211.72,214.92,209.2,163238.37308159
2018-03-03,207.67,217.5,207.66,321144.64602418
2018-03-02,210.56,213.3,204.58,196665.32729466
2018-02-27,220.99,222.85,212.1,357629.75557175
2018-02-22,211.0,221.49,188.56,712557.17193612
2018-02-21,235.19,235.59,204.71,891535.40618745
2018-02-20,221.89,251.9,220.55,961336.20148232
2018-02-19,216.21,225.96,213.0,279396.2336782
2018-02-16,216.43,234.75,210.55,703398.12021515
2018-02-12,153.8,163.28,147.62,354097.61491922
2018-02-09,148.18,162.5,142.09,512318.11453791
2018-02-06,123.7,147.98,103.65,1845843.052026
2018-02-05,152.72,153.87,112.0,1324864.2597182
2018-02-04,155.95,175.0,137.0,1171799.8816057
2018-01-31,167.07,167.07,155.0,338918.16708496
2018-01-30,178.51,179.9,158.2,391242.17276736
2018-01-29,190.56,191.75,175.56,216170.62195757
2018-01-25,178.99,184.8,175.0,237106.22953355
2018-01-24,180.72,184.69,172.23,261293.5826239
2018-01-22,187.06,194.7,165.5,437504.26807403
2018-01-19,192.6,203.0,187.1,421964.50250279
2018-01-18,190.0,211.0,176.31,882641.48327966
2018-01-17,183.55,216.0,135.0,1689310.2340692
2018-01-16,235.95,235.95,146.6,1373592.9829362
2018-01-15,241.25,244.2,235.0,204574.25399216
2018-01-14,261.88,268.0,233.82,434143.03437283
2018-01-13,233.9,261.86,233.88,336870.00729576
2018-01-12,225.19,241.99,220.0,356311.77224066
2018-01-11,243.28,253.42,219.07,605150.03397277
2018-01-10,245.05,249.67,232.51,464657.69913811
2018-01-09,252.06,258.75,238.75,392231.04514549
2018-01-08,275.55,276.97,231.42,589194.72390154
2018-01-07,281.26,286.95,265.24,387996.89422715
2018-01-06,246.0,304.0,245.0,918372.14808141
2018-01-05,235.89,251.97,235.6,498915.7240167
2018-01-04,243.11,246.0,226.79,536376.33148937
2018-01-03,252.2,258.54,240.56,452897.91988181
2018-01-02,227.12,262.0,225.2,724546.44176248
2018-01-01,231.48,232.29,217.66,265485.12558296
2017-12-31,222.51,237.88,210.0,456580.45925633
2017-12-30,248.64,248.94,206.0,629452.89562604
2017-12-29,243.26,259.5,236.5,488373.51089932
2017-12-28,262.0,266.0,223.59,741708.50272027
2017-12-27,279.45,286.46,252.81,492819.02639539
2017-12-26,273.49,286.99,273.02,361264.44341612
2017-12-25,274.0,287.4,271.12,314751.05588044
2017-12-24,299.56,301.99,254.0,799269.83155635
2017-12-23,292.45,321.85,251.2,1051303.33476
2017-12-22,309.11,311.99,144.0,3424026.6910999
2017-12-21,304.59,327.99,291.0,717508.58568818
2017-12-20,345.28,353.0,275.0,1631226.5771822
2017-12-19,363.1,380.0,324.67,1643516.650178
2017-12-18,328.22,366.9,305.77,1158202.9071461
2017-12-17,299.42,334.87,298.5,998676.4333445
2017-12-16,304.44,314.97,280.0,857866.0600124
2017-12-15,276.52,322.97,252.22,1865228.0817621
2017-12-14,315.52,324.62,256.1,1557169.8652843
2017-12-13,352.32,372.55,275.0,2563161.6801099
2017-12-12,228.0,420.0,210.15,4785650.1101674
2017-12-11,146.16,235.0,145.9,2698847.0821281
2017-12-10,158.6,160.95,135.45,1388422.6848335
2017-12-09,128.75,199.0,127.25,4039818.4001965
2017-12-08,98.14,144.75,95.8,2674420.0408496
2017-12-07,98.44,102.48,95.01,1055892.6096338
2017-12-06,101.86,103.9,98.01,781130.25518256
2017-12-05,102.87,104.5,101.05,516933.51548191
2017-12-04,101.28,103.5,95.36,599667.96772463
2017-12-03,100.3,107.49,97.0,861976.5166007
2017-12-02,98.02,104.75,96.91,914967.47302409
2017-12-01,87.54,100.77,82.0,1391980.3604239
2017-11-30,89.0,93.5,78.0,1070208.1420269
2017-11-29,93.87,103.54,76.01,1732462.9905014
2017-11-28,90.51,94.88,89.96,593584.87383978
2017-11-27,86.9,93.89,86.4,931440.3223996
2017-11-26,87.88,89.86,84.11,811692.65021828
2017-11-25,76.2,89.88,76.2,1020980.1099016
2017-11-24,74.85,76.69,72.51,530301.77316071
2017-11-23,71.97,77.96,71.07,736519.67704704
2017-11-22,69.23,71.98,69.22,317128.39909673
2017-11-21,73.09,73.09,68.0,717482.37436895
2017-11-20,71.82,73.25,71.13,407966.50169899
2017-11-19,68.75,73.4,68.55,572714.3720435
2017-11-18,68.04,68.97,65.62,332611.91644323
2017-11-17,67.25,72.5,65.52,1114546.0105099
2017-11-16,63.3,68.82,62.52,577659.57132099
2017-11-15,62.38,65.43,62.1,397152.91036456
2017-11-14,60.93,63.57,60.51,349721.42988545
2017-11-13,61.03,63.99,57.08,688415.53550806
2017-11-12,61.03,63.99,57.08,688415.53550806
2017-11-11,60.21,63.99,58.86,488638.59197576
2017-11-10,64.68,65.94,56.13,846107.82334795
2017-11-09,62.24,67.24,61.79,641808.27817609
2017-11-08,61.06,64.3,59.6,866449.29195583
2017-11-07,54.95,63.71,54.6,738985.86032839
2017-11-06,54.8,55.85,53.37,220698.2293367
2017-11-05,54.88,55.53,54.25,159311.26945472
2017-11-04,56.19,56.3,54.62,167869.20873469
2017-11-03,53.28,56.36,53.19,331759.15464955
2017-11-02,56.03,56.12,54.32,194583.48602918
2017-11-01,56.03,56.12,54.32,194583.48602918
2017-10-31,56.01,56.81,55.4,178004.81825132
2017-10-30,56.92,58.39,56.0,194346.82635634
2017-10-29,54.45,58.0,54.26,198289.15610646
2017-10-28,55.47,57.16,54.75,149178.27087178
2017-10-27,55.47,57.16,54.75,149178.27087178
2017-10-26,55.45,57.16,54.75,179050.3020164
2017-10-25,56.15,56.22,53.55,276084.68693484
2017-10-24,54.5,59.19,52.5,542488.85812804
2017-10-23,56.42,56.97,52.45,442567.45214047
2017-10-22,58.42,58.89,56.12,203842.65754126
2017-10-21,60.34,60.55,56.2,329418.17281256
2017-10-20,59.91,62.2,58.52,345329.62835817
2017-10-19,60.74,61.42,58.34,409338.52329834
2017-10-18,59.13,61.85,52.9,837029.10153182
2017-10-17,64.08,65.44,58.52,435799.84242912
2017-10-16,66.3,66.83,62.33,393534.49965019
2017-10-15,64.78,69.59,62.06,793416.87243218
2017-10-14,58.46,66.85,58.3,720563.43939377
2017-10-13,56.64,60.96,55.25,948178.89681802
2017-10-12,50.74,59.2,50.66,836266.6934208
2017-10-11,49.87,51.48,49.61,166026.95215349
2017-10-10,50.05,51.48,49.51,207390.19587997
2017-10-09,53.25,53.44,48.15,460046.29809193
2017-10-08,52.48,54.79,52.4,225927.88193023
2017-10-07,51.99,52.49,51.6,110328.24406605
2017-10-06,51.93,52.73,51.4,149530.4751873
2017-10-05,51.57,51.94,50.25,173937.57648356
2017-10-04,52.02,53.0,50.5,210031.63502611
2017-10-03,53.01,53.59,51.35,239610.85062349
2017-10-02,54.86,55.08,52.58,254995.18361535
2017-10-01,55.36,55.36,53.5,198941.01305279
2017-09-30,52.9,55.92,52.39,269819.20941173
2017-09-29,54.91,54.98,50.35,559130.51431397
2017-09-28,56.64,57.36,54.07,500422.91856013
2017-09-27,52.5,57.45,52.32,573354.54876134
2017-09-26,52.33,54.41,51.5,364806.38453905
2017-09-25,47.84,53.52,47.52,501594.01014133
2017-09-24,49.07,49.58,47.06,246379.67646003
2017-09-23,47.71,50.33,46.45,337714.31357116
2017-09-22,46.77,49.72,45.0,700232.27844088
2017-09-21,52.7,52.75,45.18,858682.89439288
2017-09-20,53.26,54.6,51.11,338423.3853586
2017-09-19,56.25,56.86,51.38,629809.18347713
2017-09-18,52.1,58.0,51.32,886952.63649788
2017-09-17,52.61,54.1,47.87,589768.76914187
2017-09-16,53.29,59.0,50.35,941139.36769321
2017-09-15,47.41,62.41,33.56,3225231.920866
2017-09-14,62.6,62.88,46.28,1596522.9679535
2017-09-13,67.17,67.17,57.74,1143145.8386123
2017-09-12,68.36,71.93,65.02,579349.81005851
2017-09-11,68.3,71.55,65.5,443992.47448532
2017-09-10,72.11,72.66,65.02,571227.98831421
2017-09-09,73.0,74.93,69.1,481568.03109602
2017-09-08,80.94,82.25,68.12,1053320.3840703
2017-09-07,81.68,82.75,77.37,598084.71075598
2017-09-06,74.0,82.7,73.7,967968.38142664
2017-09-05,72.77,74.7,66.0,788644.3113501
2017-09-04,79.62,80.15,64.0,1254676.3507294
2017-09-03,77.31,84.91,77.05,642209.73621575
2017-09-02,85.82,93.85,73.87,1436431.4744227
2017-09-01,74.12,98.28,71.43,2008656.7776784
2017-08-31,63.86,74.8,63.74,1046942.5309184
2017-08-30,63.86,63.99,62.0,349408.56215362
2017-08-29,62.51,64.45,61.25,452141.56871003
2017-08-28,61.51,64.73,58.76,591739.18931991
2017-08-27,51.72,64.67,51.05,800991.55195777
2017-08-26,51.25,52.0,50.0,172371.48520936
2017-08-25,50.9,52.2,50.1,269608.32492238
2017-08-24,51.52,53.46,50.23,420783.77458333
2017-08-23,46.55,55.0,46.08,563994.39357846
2017-08-22,48.75,48.87,44.65,267118.04247616
2017-08-21,46.81,48.69,44.9,218014.21855219
2017-08-20,45.21,47.15,44.07,144008.78507305
2017-08-19,44.74,47.0,43.76,182896.48595766
2017-08-18,44.02,47.99,43.29,342923.18050709
2017-08-17,44.05,44.7,43.13,165260.24725992
2017-08-16,43.51,44.94,42.01,202916.79843472
2017-08-15,45.49,45.88,41.65,306484.65361148
2017-08-14,45.27,46.34,44.82,192027.89824155
2017-08-13,46.13,47.38,44.05,277664.87099626
2017-08-12,47.39,47.8,46.02,247689.30099722
2017-08-11,47.83,47.84,46.6,190316.78981976
2017-08-10,47.56,48.6,47.01,162475.18180945
2017-08-09,49.11,49.98,46.66,341978.5533813
2017-08-08,45.9,49.87,45.75,339105.39047099
2017-08-07,45.31,46.5,45.01,162812.63907129
2017-08-06,45.49,46.65,44.78,181285.97609426
2017-08-05,43.0,47.09,43.0,342712.07577056
2017-08-04,42.42,43.49,42.34,112717.54630567
2017-08-03,41.68,42.87,41.57,101051.32242781
2017-08-02,43.33,43.34,41.52,166832.85871711
2017-08-01,42.36,43.84,41.18,290575.95855872
2017-07-31,40.75,43.8,38.4,300605.11293402
2017-07-30,40.79,42.16,39.56,72391.89783023
2017-07-29,40.26,40.4,38.28,120783.0426325
2017-07-28,42.11,42.17,40.31,148630.56165257
2017-07-27,41.89,42.3,40.8,136930.13520962
2017-07-26,41.42,43.0,40.4,205652.28078496
2017-07-25,45.09,45.15,40.23,317772.32458793
2017-07-24,44.9,45.49,44.41,123118.34414469
2017-07-23,47.3,47.48,44.1,184672.81512376
2017-07-22,45.79,47.52,44.43,178875.99528871
2017-07-21,44.79,47.93,44.0,496530.39787559
2017-07-20,40.46,45.0,39.68,409085.06846578
2017-07-19,43.21,43.96,39.68,326522.24117133
2017-07-18,42.5,45.0,40.56,429524.73082369
2017-07-17,40.53,43.08,39.72,539609.59182077
2017-07-16,39.46,40.5,34.78,609011.07599408
2017-07-15,42.34,42.99,37.5,513646.58703598
2017-07-14,45.25,45.73,40.0,426754.0268952
2017-07-13,47.16,47.88,44.1,274420.67880439
2017-07-12,44.26,48.48,42.1,494855.09637381
2017-07-11,44.8,46.78,41.38,571923.14192974
2017-07-10,49.61,49.98,44.1,469625.16704865
2017-07-09,51.39,52.61,49.3,319165.47717972
2017-07-08,45.25,51.77,44.18,507910.26511788
2017-07-07,51.52,51.7,44.28,636922.98583932
2017-07-06,53.19,53.75,50.01,392889.79379234
2017-07-05,53.2,57.75,49.01,909824.28000974
2017-07-04,45.86,53.85,45.51,1025432.149101
2017-07-03,41.33,47.7,40.6,639757.00781357
2017-07-02,37.87,41.99,37.15,249630.9080719
2017-07-01,39.56,39.83,37.4,173463.2760242
2017-06-30,40.64,41.2,39.22,186929.59558731
2017-06-29,41.74,42.5,39.6,240686.43343626
2017-06-28,39.6,43.44,37.3,508979.33704921
2017-06-27,38.6,39.77,33.61,603323.81684058
2017-06-26,40.38,41.98,33.38,625397.93810374
2017-06-25,43.06,43.76,38.27,396528.10398735
2017-06-24,45.87,46.2,42.05,323481.32655941
2017-06-23,45.96,46.96,45.52,228622.08437565
2017-06-22,42.75,47.89,41.92,410872.42861835
2017-06-21,45.78,46.19,41.5,378997.93201671
2017-06-20,48.32,48.45,42.5,666880.93349941
2017-06-19,42.5,49.99,42.08,1133839.6495829
2017-06-18,47.47,47.69,39.56,981359.68345839
2017-06-17,32.59,49.0,32.59,2058669.0137957
2017-06-16,28.95,33.87,27.65,572652.68806175
2017-06-15,28.6,29.4,24.42,543291.87683263
2017-06-14,29.75,32.0,27.5,543485.01958626
2017-06-13,28.75,30.65,28.71,343917.39696889
2017-06-12,33.56,34.4,27.0,694549.75283924
2017-06-11,29.54,35.5,29.39,623960.9493205
2017-06-10,29.6,30.13,29.0,345208.68572705
2017-06-09,30.44,30.9,29.6,314442.23604637
2017-06-08,28.86,30.85,27.99,304261.62255031
2017-06-07,29.84,30.8,27.65,310327.07505447
2017-06-06,30.24,31.33,28.08,556425.83046207
2017-06-05,27.6,31.8,27.53,515174.71568614
2017-06-04,27.77,27.9,26.79,239863.87781962
2017-06-03,27.78,28.3,26.79,234926.82318379
2017-06-02,27.03,28.95,26.56,280269.26637463
2017-06-01,25.97,29.94,25.61,619786.11389165
2017-05-31,23.89,26.22,23.5,354753.42922937
2017-05-30,25.87,26.5,23.52,345364.18522759
2017-05-29,24.39,26.72,23.68,275091.1490191
2017-05-28,23.41,26.95,23.06,323824.37425587
2017-05-27,26.15,26.96,19.08,594541.32106703
2017-05-26,30.91,32.0,24.31,573176.69966511
2017-05-25,34.08,35.5,25.26,560039.25498788
2017-05-24,30.2,35.88,30.18,684492.1076875
2017-05-23,24.79,31.78,23.33,582061.61894145
2017-05-22,26.26,26.99,22.5,521791.75083915
2017-05-21,27.43,28.68,25.44,345981.3608202
2017-05-20,26.66,27.98,26.65,239380.34598922
2017-05-19,28.75,28.92,26.32,455964.34414424
2017-05-18,24.32,29.41,24.15,534779.11667087
2017-05-17,23.89,26.5,20.31,779974.66492778
2017-05-16,25.94,26.01,21.0,633836.13358991
2017-05-15,28.48,29.11,25.27,339122.10290798
2017-05-14,28.4,30.6,27.75,265089.05754595
2017-05-13,28.35,28.59,25.04,329195.94403194
2017-05-12,30.32,31.59,25.06,474284.53897335
2017-05-11,33.4,33.78,28.31,548553.42276369
2017-05-10,31.44,38.91,30.01,898819.03995039
2017-05-09,29.0,32.0,22.67,654256.04713797
2017-05-08,30.69,30.92,28.04,460570.40606707
2017-05-07,28.77,32.3,28.29,719525.72252025
2017-05-06,26.79,28.88,26.01,428008.58600985
2017-05-05,24.11,28.69,23.83,789735.29208981
2017-05-04,21.94,29.75,21.75,1471435.8238598
2017-05-03,16.18,36.0,15.99,1136542.873519
2017-05-02,16.08,16.62,15.5,118793.7794038
2017-05-01,16.27,17.3,15.55,262938.12151203
2017-04-30,16.22,16.74,15.8,300069.35819918
2017-04-29,14.81,16.22,14.5,248187.99587162
2017-04-28,14.9,15.12,14.5,219477.55801107
2017-04-27,14.99,15.51,13.47,393369.85594936
2017-04-26,15.54,16.17,14.69,349913.78653046
2017-04-25,14.98,15.73,14.51,207990.05243244
2017-04-24,15.48,15.52,14.3,244391.69751353
2017-04-23,14.04,16.0,14.01,424190.17623497
2017-04-22,12.06,16.0,12.0,479419.18639502
2017-04-21,10.93,12.45,10.85,339819.45274989
2017-04-20,10.19,11.4,10.15,220701.08452287
2017-04-19,10.81,11.0,10.01,142732.059626
2017-04-18,11.66,11.73,10.27,296394.11574585
2017-04-17,11.7,12.6,11.5,231129.10321632
2017-04-16,11.99,11.99,10.46,49078.88035727
2017-04-14,11.14,11.84,11.03,148665.81992646
2017-04-13,11.72,11.8,10.63,195108.49861329
2017-04-12,9.66,12.23,9.66,357022.85916837
2017-04-11,9.87,10.35,9.45,140410.95014843
2017-04-10,9.32,10.12,8.89,186449.35092269
2017-04-09,10.85,10.99,8.57,202249.01578684
2017-04-08,10.15,11.39,9.83,148673.51665574
2017-04-07,10.72,11.39,9.39,275196.39759472
2017-04-06,12.8,13.75,9.7,765682.09128871
2017-04-05,9.21,13.2,8.88,529556.71310434
2017-04-04,8.44,9.78,8.35,211744.3213212
2017-04-03,8.19,9.5,7.5,208968.35740101
2017-04-02,7.56,8.88,7.03,224886.46893558
2017-04-01,7.17,7.68,6.65,149089.87683298
2017-03-31,7.5,7.9,5.75,272716.46334162
2017-03-30,4.33,9.9,4.26,371512.21137127
2017-03-29,4.19,4.5,4.12,30194.08537651
2017-03-28,4.09,4.22,4.07,15832.51646454
2017-03-27,4.1,4.19,4.03,29738.15367996
2017-03-26,4.09,4.12,4.04,17323.07831702
2017-03-25,4.2,4.5,3.97,35175.85727085
2017-03-24,3.96,4.27,3.93,46736.54695161
2017-03-23,3.91,4.03,3.9,13231.13927476
2017-03-22,4.05,4.05,3.81,19119.58555673
2017-03-21,4.08,4.2,3.95,19638.77519872
2017-03-19,3.96,4.15,3.85,13026.03114743
2017-03-18,4.14,4.43,3.69,34311.37287108
2017-03-17,4.31,4.35,4.0,16735.94476462
2017-03-16,4.33,4.61,4.22,26096.19278303
2017-03-15,4.21,4.45,4.1,12442.84966588
2017-03-14,4.38,4.43,4.14,12303.33325112
2017-03-13,3.93,4.59,3.89,41179.45816944
2017-03-12,3.78,3.95,3.77,11057.36779239
2017-03-11,3.92,4.1,3.7,18553.98527228
2017-03-10,3.84,3.95,3.83,4531.53875602
2017-03-09,4.01,4.01,3.83,6430.79701904
2017-03-08,4.1,4.26,3.9,7521.18445213
2017-03-07,4.01,4.1,3.96,6313.5556263
2017-03-06,4.04,4.04,3.85,2679.41562998
2017-03-05,4.07,4.14,3.88,7149.99329821
2017-03-04,4.08,4.5,4.01,11345.61293679
2017-03-03,3.87,4.29,3.8,17914.11527615
2017-03-02,3.87,3.95,3.8,7024.09542922
2017-02-28,3.89,3.93,3.85,8118.8498745
2017-02-27,3.9,3.93,3.84,1609.56081596
2017-02-26,3.95,3.98,3.83,6196.6943855
2017-02-25,3.93,4.0,3.79,4441.75626504
2017-02-24,3.89,4.0,3.89,4162.74020684
2017-02-23,3.85,3.93,3.85,3827.01252861
2017-02-22,3.81,3.89,3.76,4251.93537113
2017-02-21,3.81,3.85,3.76,5834.80427348
2017-02-20,3.82,3.85,3.76,5782.48861838
2017-02-19,3.91,3.94,3.8,6207.00414511
2017-02-18,3.88,3.95,3.85,2416.16966506
2017-02-17,3.88,3.92,3.85,2015.24750369
2017-02-16,3.84,3.91,3.81,5261.16407842
2017-02-15,3.77,3.83,3.76,3844.94051118
2017-02-14,3.8,3.83,3.74,3942.7858101
2017-02-13,3.84,3.85,3.77,1832.8473036
2017-02-12,3.83,3.88,3.82,6108.18023048
2017-02-11,3.77,3.89,3.7,4404.80087656
2017-02-10,3.97,3.99,3.62,22706.10216558
2017-02-09,3.98,4.06,3.91,12258.99693194
2017-02-08,3.96,4.02,3.94,15502.57363791
2017-02-07,3.97,4.02,3.94,1658.07322563
2017-02-06,4.03,4.03,3.91,1445.03371702
2017-02-05,4.05,4.05,3.94,3032.66367558
2017-02-04,4.09,4.12,3.91,3821.36943223
2017-02-03,4.07,4.11,3.97,4410.21642779
2017-02-02,4.08,4.15,3.95,4314.56214508
2017-02-01,4.09,4.19,4.03,8596.57969486
2017-01-31,3.88,4.09,3.83,6028.98498707
2017-01-30,3.89,3.9,3.84,460.633031
2017-01-29,3.89,3.9,3.85,739.60105816
2017-01-28,3.85,3.96,3.79,4270.05107462
2017-01-27,3.69,3.98,3.68,5427.00316018
2017-01-26,3.72,3.81,3.65,3286.03867809
2017-01-25,3.82,3.89,3.73,3713.1153747
2017-01-24,3.88,3.92,3.83,1251.1231995
2017-01-23,3.92,3.97,3.85,1766.44234152
2017-01-22,3.93,3.93,3.89,620.69202082
2017-01-21,3.9,3.95,3.86,892.64803343
2017-01-20,3.88,3.96,3.83,3078.50019142
2017-01-19,3.95,3.95,3.81,2325.9725537
2017-01-18,3.87,4.16,3.87,1796.89130591
2017-01-17,3.97,3.98,3.88,277.48073865
2017-01-16,4.01,4.1,3.95,1496.63730284
2017-01-15,3.97,4.25,3.92,1902.31915027
2017-01-14,4.03,4.05,3.9,729.59562931
2017-01-13,4.0,4.14,3.79,5924.21040933
2017-01-12,4.59,4.68,3.93,2430.55468479
2017-01-11,4.18,4.75,4.04,2519.55819666
2017-01-10,4.03,4.4,3.89,2350.52896932
2017-01-09,3.99,4.4,3.99,662.74881014
2017-01-08,3.93,4.49,3.66,3236.49203801
2017-01-07,4.24,4.39,3.83,2260.62422717
2017-01-06,4.88,4.88,3.88,6953.20469823
2017-01-05,4.54,5.99,4.45,8953.38564012
2017-01-04,4.56,4.65,4.42,1600.82097023
2017-01-03,4.47,4.9,4.4,5942.10403011
2017-01-02,4.38,4.57,4.34,3108.3922622
2017-01-01,4.39,4.48,4.28,1399.91904233
2016-12-31,4.69,4.69,4.21,426.94785599
2016-12-30,4.63,5.0,4.4,1370.34090394
2016-12-29,4.33,4.6,4.3,1945.50379097
2016-12-28,4.25,4.52,4.18,1164.89226659
2016-12-27,4.3,4.37,4.13,471.88539938
2016-12-26,4.37,4.49,4.08,2399.39612917
2016-12-25,4.6,5.14,4.2,5627.16311336
2016-12-24,3.76,4.61,3.65,6043.75896313
2016-12-23,3.65,3.88,3.62,2625.41123032
2016-12-22,3.64,3.91,3.62,1395.81833929
2016-12-21,3.66,3.69,3.61,117.18351498
2016-12-20,3.69,3.71,3.61,69.12426953
2016-12-19,3.69,3.73,3.62,270.11019021
2016-12-18,3.63,3.72,3.6,205.3714481
2016-12-17,3.64,3.68,3.56,178.68912666
2016-12-16,3.69,3.7,3.5,313.69703983
2016-12-15,3.62,3.66,3.6,278.33314726
2016-12-14,3.66,3.68,3.62,13.075736
2016-12-13,3.66,3.69,3.62,247.36596667
2016-12-12,3.65,3.7,3.61,51.114293
2016-12-11,3.7,3.72,3.63,62.14280756
2016-12-10,3.69,3.74,3.61,260.47930951
2016-12-09,3.65,3.77,3.63,1824.5135749
2016-12-08,3.52,3.86,3.49,1148.402324
2016-12-07,3.47,3.56,3.42,192.57790562
2016-12-06,3.88,3.88,3.32,4950.77124981
2016-12-05,3.89,3.92,3.86,158.26203601
2016-12-04,3.89,3.9,3.87,100.42959527
2016-12-03,3.89,3.94,3.87,405.94085679
2016-12-02,3.88,3.89,3.84,175.47655785
2016-12-01,3.84,3.98,3.51,1834.48678013
2016-11-30,3.84,3.91,3.81,723.31216028
2016-11-29,3.89,3.92,3.81,976.94630694
2016-11-28,3.88,3.89,3.82,149.15449702
2016-11-27,3.91,3.91,3.81,1259.46097647
2016-11-26,3.89,3.91,3.85,172.33157342
2016-11-25,3.89,3.93,3.86,190.51390208
2016-11-24,3.97,3.97,3.86,334.49328894
2016-11-23,3.93,3.99,3.88,873.21722619
2016-11-22,3.88,3.93,3.87,130.56804247
2016-11-21,3.94,3.99,3.86,164.1882704
2016-11-20,3.88,3.99,3.85,256.35493303
2016-11-19,3.86,3.95,3.85,385.55795147
2016-11-18,3.94,3.96,3.81,2422.79564119
2016-11-17,3.93,4.06,3.86,2465.76982702
2016-11-16,3.86,3.96,3.84,733.23393015
2016-11-15,3.85,3.91,3.81,454.16813561
2016-11-14,3.77,3.94,3.65,3254.2436655
2016-11-13,3.85,3.85,3.72,2330.77191386
2016-11-12,3.84,3.86,3.79,192.26293401
2016-11-11,3.85,3.94,3.79,297.62429801
2016-11-10,3.84,3.99,3.77,2068.25843906
2016-11-09,3.89,3.91,3.84,477.47407023
2016-11-08,3.87,3.92,3.83,517.64928536
2016-11-06,3.86,3.93,3.85,57.15839582
2016-11-05,3.88,3.94,3.86,269.721605
2016-11-04,3.89,3.98,3.77,2540.16294301
2016-11-03,4.07,4.34,3.8,5246.37365236
2016-11-02,4.12,4.35,3.99,1361.95719469
2016-11-01,3.98,4.5,3.92,2693.76536003
2016-10-31,4.0,4.07,3.92,277.536343
2016-10-30,4.24,4.25,4.0,768.19422849
2016-10-29,3.9,4.24,3.9,1304.19374833
2016-10-28,3.99,4.02,3.88,735.63623
2016-10-27,3.89,4.14,3.89,1596.91708355
2016-10-26,3.85,3.96,3.76,2819.3274945
2016-10-25,3.82,3.88,3.8,514.17870205
2016-10-24,3.88,3.89,3.82,449.69921483
2016-10-23,3.84,3.89,3.7,1295.29654843
2016-10-22,3.79,3.88,3.75,1069.41403792
2016-10-21,3.8,3.81,3.75,594.79127836
2016-10-20,3.79,3.81,3.78,259.96955288
2016-10-19,3.91,3.91,3.79,1271.12071988
2016-10-18,3.86,3.9,3.8,631.87737683
2016-10-17,3.88,3.94,3.84,215.77607041
2016-10-16,3.86,3.94,3.94,13.232177
2016-10-15,3.83,3.94,3.89,95.75428029
2016-10-14,3.82,3.92,3.83,41.21454918
2016-10-13,3.8,3.93,3.8,2328.76886447
2016-10-12,3.79,3.83,3.83,361.49166126
2016-10-11,3.75,3.84,3.79,939.69373486
2016-10-10,3.79,3.84,3.84,507.310121
2016-10-09,3.8,3.86,3.86,61.87969416
2016-10-08,3.8,3.88,3.86,449.02677586
2016-10-07,3.8,3.87,3.82,210.94599755
2016-10-06,3.78,3.86,3.84,2211.69074185
2016-10-05,3.79,3.91,3.81,1121.28225146
2016-10-04,3.81,3.9,3.83,2314.12268166
2016-10-03,3.83,3.94,3.83,787.89818079
2016-10-02,3.82,3.86,3.85,95.21214912
2016-10-01,3.81,3.86,3.81,382.93188769
2016-09-30,3.8,3.87,3.87,1089.14031204
2016-09-29,3.81,3.88,3.81,109.71488795
2016-09-28,3.79,3.9,3.85,323.28097636
2016-09-27,3.79,3.88,3.88,979.69308301
2016-09-26,3.79,4.0,3.84,822.08343536
2016-09-25,3.8,3.86,3.86,243.9143566
2016-09-24,3.83,4.06,4.06,231.39109866
2016-09-23,3.77,4.2,3.79,768.69918769
2016-09-22,3.76,5.05,3.76,2472.2912189
2016-09-21,3.61,6.72,3.81,2314.96967963
2016-09-20,3.8,4.0,3.85,1888.36822494
2016-09-19,3.76,3.93,3.87,1152.56735647
2016-09-18,3.81,3.87,3.82,1268.13234853
2016-09-17,3.81,3.88,3.88,213.26072059
2016-09-16,3.8,3.89,3.83,326.54079783
2016-09-15,3.81,3.95,3.83,596.04151613
2016-09-14,3.8,3.85,3.85,62.00213935
2016-09-13,3.8,3.88,3.88,335.83716651
2016-09-12,3.77,3.96,3.93,836.43497355
2016-09-11,3.86,4.04,4.0,1165.51276772
2016-09-10,3.95,4.0,3.96,19.294452
2016-09-09,3.94,4.02,3.97,395.95176374
2016-09-08,3.95,4.03,3.97,81.04091099
2016-09-07,3.91,4.03,3.95,502.700852
2016-09-06,3.91,3.98,3.96,644.21801065
2016-09-05,3.94,4.07,4.01,450.68590894
2016-09-04,3.85,4.08,3.99,1144.966193
2016-09-03,3.8,3.99,3.84,1734.6187445
2016-09-02,3.67,4.35,3.67,2725.27020995
2016-09-01,3.26,3.9,3.74,3631.15231935
2016-08-31,3.74,3.85,3.81,339.89777816
2016-08-30,3.74,3.85,3.74,352.57963435
2016-08-29,3.7,3.84,3.7,909.33337911
2016-08-28,3.72,3.78,3.72,0.204672
2016-08-27,3.62,3.85,3.85,1150.72220744
2016-08-26,3.77,3.9,3.81,3336.89310108
2016-08-25,3.75,3.88,3.82,4985.64064162
2016-08-24,3.61,3.96,3.95,5183.1351851
2016-08-23,3.61,5.49,3.99,5619.78814766
